{"train_loss": 0.3680753697951635, "train_accuracy": 0.8429172510518934, "_timestamp": 1697371646.379597, "_runtime": 14.02008605003357, "_step": 199, "val_loss": 0.3794330445428689, "val_accuracy": 0.8258426966292135, "_wandb": {"runtime": 13}}