{"train_loss": 0.33244588871796926, "train_accuracy": 0.8583450210378681, "_timestamp": 1697369757.6700664, "_runtime": 13.709049463272095, "_step": 199, "val_loss": 0.6047505512833595, "val_accuracy": 0.7640449438202247, "_wandb": {"runtime": 12}}