{"train_loss": 0.35141025433937706, "train_accuracy": 0.8555399719495091, "_timestamp": 1697371238.9469018, "_runtime": 13.149905681610107, "_step": 199, "val_loss": 0.5137151144444942, "val_accuracy": 0.8146067415730337, "_wandb": {"runtime": 12}}