{"train_loss": 0.35808182027604846, "train_accuracy": 0.8457223001402524, "_timestamp": 1697371373.4630232, "_runtime": 13.210352182388306, "_step": 199, "val_loss": 0.5231360433002313, "val_accuracy": 0.797752808988764, "_wandb": {"runtime": 12}}