{"train_loss": 0.36284756693575115, "train_accuracy": 0.8457223001402524, "_timestamp": 1697371611.687577, "_runtime": 17.367085933685303, "_step": 199, "val_loss": 0.3959929483632247, "val_accuracy": 0.8089887640449438, "_wandb": {"runtime": 15}}