{"train_loss": 0.3797892798980077, "train_accuracy": 0.8415147265077139, "_timestamp": 1697371200.202874, "_runtime": 13.280779838562012, "_step": 199, "val_loss": 0.428629902501901, "val_accuracy": 0.8146067415730337, "_wandb": {"runtime": 12}}